Ítem;ARMENIA;BUGA;CALI;MANIZALES;PEREIRA;QUIBDO;TOTAL
Total Sedes;16;52;25;34;18;34;179
Sedes afectadas;10;36;12;12;14;13;97
Sedes habilitadas actualmente;6;29;3;8;10;0;56
Sedes habilitadas parcialmente;0;2;2;0;1;0;5
Sedes inhabilitadas;4;5;7;4;3;13;36
Inspecciones Técnicas HST;10;9;12;5;14;13;63
% sedes inspeccionadas;100%;25%;100%;42%;100%;100%;65%
Actividades HST;19;15;41;33;2;2;112
Cobertura;21;141;198;273;40;94;767
Actividades adicionales;10;1;89;10;11;50;171
Retorno seguro;12;45;16;30;14;21;138
Retorno seguro de forma parcial;0;2;2;0;1;0;5
